{"Year":[2000,2001,2002,2003,2004,2005,2006,2007,2008,2009,2010,2011,2012,2013,2014,2015,2016,2017,2000,2001,2002,2003,2004,2005,2006,2007,2008,2009,2010,2011,2012,2013,2014,2015,2016,2017,2000,2001,2002,2003,2004,2005,2006,2007,2008,2009,2010,2011,2012,2013,2014,2015,2016,2017],"status":[null,null,null,null,null,null,null,null,null,null,null,null,null,null,null,null,null,null,"healthworker_dist_metro","healthworker_dist_metro","healthworker_dist_metro","healthworker_dist_metro","healthworker_dist_metro","healthworker_dist_metro","healthworker_dist_metro","healthworker_dist_metro","healthworker_dist_metro","healthworker_dist_metro","healthworker_dist_metro","healthworker_dist_metro","healthworker_dist_metro","healthworker_dist_metro","healthworker_dist_metro","healthworker_dist_metro","healthworker_dist_metro","healthworker_dist_metro","healthworker_dist_nonmetro","healthworker_dist_nonmetro","healthworker_dist_nonmetro","healthworker_dist_nonmetro","healthworker_dist_nonmetro","healthworker_dist_nonmetro","healthworker_dist_nonmetro","healthworker_dist_nonmetro","healthworker_dist_nonmetro","healthworker_dist_nonmetro","healthworker_dist_nonmetro","healthworker_dist_nonmetro","healthworker_dist_nonmetro","healthworker_dist_nonmetro","healthworker_dist_nonmetro","healthworker_dist_nonmetro","healthworker_dist_nonmetro","healthworker_dist_nonmetro"],"Value":[0.0,0.0,0.0,0.0,0.0,0.0,0.0,0.0,0.0,0.0,4.108198642,4.220517055,4.366281292,4.522697153,4.667198,4.845478557,0.0,0.0,0.0,0.0,0.0,0.0,0.0,0.0,0.0,0.0,0.0,0.0,4.435708,4.551183,4.702347,4.865181,5.014774,5.199409529,0.0,0.0,0.0,0.0,0.0,0.0,0.0,0.0,0.0,0.0,0.0,0.0,2.251444,2.326877,2.42134,2.522589,2.615357,2.735288971,0.0,0.0]}