{"data":{"Year":[2000,2001,2002,2003,2004,2005,2006,2007,2008,2009,2010,2011,2012,2013,2014,2015,2016,2017,2000,2001,2002,2003,2004,2005,2006,2007,2008,2009,2010,2011,2012,2013,2014,2015,2016,2017,2000,2001,2002,2003,2004,2005,2006,2007,2008,2009,2010,2011,2012,2013,2014,2015,2016,2017],"severity":["md_inadqt_hs","md_inadqt_hs","md_inadqt_hs","md_inadqt_hs","md_inadqt_hs","md_inadqt_hs","md_inadqt_hs","md_inadqt_hs","md_inadqt_hs","md_inadqt_hs","md_inadqt_hs","md_inadqt_hs","md_inadqt_hs","md_inadqt_hs","md_inadqt_hs","md_inadqt_hs","md_inadqt_hs","md_inadqt_hs","sv_inadqt_hs","sv_inadqt_hs","sv_inadqt_hs","sv_inadqt_hs","sv_inadqt_hs","sv_inadqt_hs","sv_inadqt_hs","sv_inadqt_hs","sv_inadqt_hs","sv_inadqt_hs","sv_inadqt_hs","sv_inadqt_hs","sv_inadqt_hs","sv_inadqt_hs","sv_inadqt_hs","sv_inadqt_hs","sv_inadqt_hs","sv_inadqt_hs",null,null,null,null,null,null,null,null,null,null,null,null,null,null,null,null,null,null],"Value":[0.0,3.99742,0.0,3.81708,0.0,3.57281,0.0,3.78186,0.0,3.71077,0.0,3.83114,0.0,3.69158,0.0,4.22536,0.0,0.0,0.0,2.05732,0.0,1.94087,0.0,1.88559,0.0,1.75856,0.0,1.82668,0.0,2.00207,0.0,1.85935,0.0,1.25475,0.0,0.0,0.0,6.05474,0.0,5.75795,0.0,5.4584,0.0,5.54042,0.0,5.53745,0.0,5.8332,0.0,5.55093,0.0,5.48011,0.0,0.0]},"edges":[]}