Year,Value
2000,0.0
2001,0.0
2002,0.0
2003,0.0
2004,0.0
2005,0.0
2006,0.0
2007,0.0
2008,0.0
2009,0.0
2010,4.108198642
2011,4.220517055
2012,4.366281292
2013,4.522697153
2014,4.667198
2015,4.845478557
2016,0.0
2017,0.0
