Year,Value
2000,0.0
2001,6.05474
2002,0.0
2003,5.75795
2004,0.0
2005,5.4584
2006,0.0
2007,5.54042
2008,0.0
2009,5.53745
2010,0.0
2011,5.8332
2012,0.0
2013,5.55093
2014,0.0
2015,5.48011
2016,0.0
2017,0.0
