{"data":{"Year":[2000,2001,2002,2003,2004,2005,2006,2007,2008,2009,2010,2011,2012,2013,2014,2015],"Value":[0.0,0.0,0.0,63.40360437,0.0,64.20345497,0.0,67.15853552,0.0,66.96430391,0.0,67.46971477,0.0,68.35231351,0.0,68.84430853]},"edges":[]}