{"data":{"Year":[1999,2000,2001,2002,2003,2004,2005,2006,2007,2008,2009,2010,2011,2012,2013,2014,2015],"Value":[90.07415859,0.0,0.0,0.0,93.547,0.0,0.0,0.0,92.55402794,0.0,0.0,0.0,93.915,0.0,0.0,0.0,93.863]},"edges":[]}